{
  "w1": [
    0.013560607962532872,
    -0.02965908805620069
  ],
  "b1": 0.05678030398126644,
  "w2": [
    -0.6049170255376911,
    0.0715341418878201
  ],
  "b2": 0.9727292997768701,
  "w3": [
    0.0901116225460961,
    0.1001004618037135
  ],
  "b3": 1.4454921759084405e-07
}